{
  "Extensions": [
    {
      "extensionName": "ARM Outputs",
      "link": "<a href='https://marketplace.visualstudio.com/items?itemName=keesschollaart.arm-outputs' target='_blank'><b>ARM Outputs</b></a>",
      "publisherId": "keesschollaart",
      "extensionId": "arm-outputs",
      "publisherName": "Kees Schollaart",
      "License": "<a href='https://marketplace.visualstudio.com/items?itemName=keesschollaart.arm-outputs' target='_blank'>License Terms</a>"
    },
    {
      "extensionName": "Docker Integration",
      "link": "<a href='https://marketplace.visualstudio.com/items?itemName=ms-vscs-rm.docker' target='_blank'><b>Docker Integration</b></a>",
      "publisherId": "ms-vscs-rm",
      "extensionId": "docker",
      "publisherName": "Microsoft",
      "License": "<a href='https://marketplace.visualstudio.com/items?itemName=ms-vscs-rm.docker' target='_blank'>License Terms</a>"
    },
    {
      "extensionName": "Send Email",
      "link": "<a href='https://marketplace.visualstudio.com/items?itemName=rvo.SendEmailTask' target='_blank'><b>Send Email</b></a>",
      "publisherId": "rvo",
      "extensionId": "SendEmailTask",
      "publisherName": "Rene van Osnabrugge (Xpirit)",
      "License": "<a href='https://marketplace.visualstudio.com/items?itemName=rvo.SendEmailTask' target='_blank'>License Terms</a>"
    },
    {
      "extensionName": "Intentionally fail build or release",
      "link": "<a href='https://marketplace.visualstudio.com/items?itemName=solidify-labs.vsts-task-fail' target='_blank'><b>Intentionally fail build or release</b></a>",
      "publisherId": "solidify-labs",
      "extensionId": "vsts-task-fail",
      "publisherName": "Solidify Labs",
      "License": "<a href='https://marketplace.visualstudio.com/items?itemName=solidify-labs.vsts-task-fail' target='_blank'>License Terms</a>"
    }
  ]
}