{
  "options": [
    {
      "enabled": true,
      "definition": {
        "id": "5d58cc01-7c75-450c-be18-a388ddb129ec"
      },
      "inputs": {
        "branchFilters": "[\"+refs/heads/*\"]",
        "additionalFields": "{}"
      }
    },
    {
      "enabled": false,
      "definition": {
        "id": "a9db38f9-9fdc-478c-b0f9-464221e58316"
      },
      "inputs": {
        "workItemType": "Bug",
        "assignToRequestor": "true",
        "additionalFields": "{}"
      }
    }
  ],
  "variables": {
    "system.debug": {
      "value": "false",
      "allowOverride": true
    }
  },
  "variableGroups": [
    {
      "variables": {
        "QUALYS_API_SERVER": {
          "value": "https://qualysapi.qg2.apps.qualys.com"
        },
        "QUALYS_PASSWORD": {
          "value": "********"
        },
        "QUALYS_USERNAME": {
          "value": "********"
        },
        "QUALYS_WAS_PROFILEID": {
          "value": "********"
        },
        "SENSOR_ACTIVATION_ID": {
          "value": null,
          "isSecret": true
        },
        "SENSOR_CUSTOMER_ID": {
          "value": null,
          "isSecret": true
        },
        "WEBAPP_PASSWORD": {
          "value": "********"
        },
        "WEBAPP_USERNAME": {
          "value": "********"
        },
        "SENSOR_LOCATION": {
          "value": "https://<<storage-account>>.blob.core.windows.net/<<container-name>>/QualysContainerSensor.tar"
        }
      },
      "type": "Vsts",
      "name": "Qualys Credentials",
      "description": "Credentials for Qualys API",
      "id": "$Qualys Credentials$"
    }
  ],
  "properties": {},
  "tags": [],
  "_links": "{}",
  "buildNumberFormat": "$(date:yyyyMMdd)$(rev:.r)",
  "jobAuthorizationScope": "projectCollection",
  "jobTimeoutInMinutes": 60,
  "jobCancelTimeoutInMinutes": 5,
  "process": {
    "phases": [
      {
        "steps": [
          {
            "environment": {},
            "enabled": true,
            "continueOnError": false,
            "alwaysRun": false,
            "displayName": "Build an image",
            "timeoutInMinutes": 0,
            "condition": "succeeded()",
            "task": {
              "id": "e28912f1-0114-4464-802a-a3a35437fd16",
              "versionSpec": "0.*",
              "definitionType": "task"
            },
            "inputs": {
              "containerregistrytype": "Azure Container Registry",
              "dockerRegistryEndpoint": "",
              "azureSubscriptionEndpoint": "",
              "azureContainerRegistry": "",
              "action": "Build an image",
              "dockerFile": "DockerFile",
              "buildArguments": "",
              "defaultContext": "true",
              "context": "",
              "imageName": "$(Build.Repository.Name):$(Build.BuildId)",
              "imageNamesPath": "",
              "qualifyImageName": "true",
              "additionalImageTags": "",
              "includeSourceTags": "false",
              "includeLatestTag": "false",
              "imageDigestFile": "",
              "containerName": "",
              "ports": "",
              "volumes": "",
              "envVars": "",
              "workDir": "",
              "entrypoint": "",
              "containerCommand": "",
              "detached": "true",
              "restartPolicy": "no",
              "restartMaxRetries": "",
              "customCommand": "",
              "dockerHostEndpoint": "",
              "enforceDockerNamingConvention": "true",
              "cwd": "$(System.DefaultWorkingDirectory)",
              "memory": ""
            }
          },
          {
            "environment": {},
            "enabled": true,
            "continueOnError": false,
            "alwaysRun": false,
            "displayName": "Qualys Container Security Scanning",
            "timeoutInMinutes": 0,
            "condition": "succeeded()",
            "task": {
              "id": "6c731c3c-3c68-459a-a5c9-bde6e6595b5b",
              "versionSpec": "3.*",
              "definitionType": "task"
            },
            "inputs": {
              "targetType": "inline",
              "filePath": "",
              "arguments": "",
              "script": "# Install Qualys CS Sensor in CICD Mode\ncurl -o QualysContainerSensor.tar.xz $(SENSOR_LOCATION)\nsudo tar -xvf QualysContainerSensor.tar.xz\nsudo mkdir -p /usr/local/qualys/sensor/data\nsudo ./installsensor.sh ActivationId=$(SENSOR_ACTIVATION_ID) CustomerId=$(SENSOR_CUSTOMER_ID) Storage=/usr/local/qualys/sensor/data -s -c\n\n#Run Container security scan for Vulnerabilities\nsudo bash validate_image.sh $(QUALYS_API_SERVER) $(QUALYS_USERNAME) $(QUALYS_PASSWORD) azurequalysregitry.azurecr.io/$(Build.Repository.Name):$(Build.BuildId)",
              "workingDirectory": "",
              "failOnStderr": "false",
              "noProfile": "true",
              "noRc": "true"
            }
          },
          {
            "environment": {},
            "enabled": true,
            "continueOnError": false,
            "alwaysRun": false,
            "displayName": "Push an image",
            "timeoutInMinutes": 0,
            "condition": "succeeded()",
            "task": {
              "id": "e28912f1-0114-4464-802a-a3a35437fd16",
              "versionSpec": "0.*",
              "definitionType": "task"
            },
            "inputs": {
              "containerregistrytype": "Azure Container Registry",
              "dockerRegistryEndpoint": "",
              "azureSubscriptionEndpoint": "",
              "azureContainerRegistry": "",
              "action": "Push an image",
              "dockerFile": "**/Dockerfile",
              "buildArguments": "",
              "defaultContext": "true",
              "context": "",
              "imageName": "$(Build.Repository.Name):$(Build.BuildId)",
              "imageNamesPath": "",
              "qualifyImageName": "true",
              "additionalImageTags": "",
              "includeSourceTags": "false",
              "includeLatestTag": "false",
              "imageDigestFile": "",
              "containerName": "",
              "ports": "",
              "volumes": "",
              "envVars": "",
              "workDir": "",
              "entrypoint": "",
              "containerCommand": "",
              "detached": "true",
              "restartPolicy": "no",
              "restartMaxRetries": "",
              "customCommand": "",
              "dockerHostEndpoint": "",
              "enforceDockerNamingConvention": "true",
              "cwd": "$(System.DefaultWorkingDirectory)",
              "memory": ""
            }
          },
          {
            "environment": {},
            "enabled": true,
            "continueOnError": false,
            "alwaysRun": false,
            "displayName": "Copy ARM Templates",
            "timeoutInMinutes": 0,
            "condition": "succeeded()",
            "task": {
              "id": "5bfb729a-a7c8-4a78-a7c3-8d717bb7c13c",
              "versionSpec": "2.*",
              "definitionType": "task"
            },
            "inputs": {
              "SourceFolder": "armtemplate",
              "Contents": "**",
              "TargetFolder": "$(build.artifactstagingdirectory)",
              "CleanTargetFolder": "false",
              "OverWrite": "false",
              "flattenFolders": "false",
              "preserveTimestamp": "false"
            }
          },
          {
            "environment": {},
            "enabled": true,
            "continueOnError": false,
            "alwaysRun": false,
            "displayName": "Publish Artifact: drop",
            "timeoutInMinutes": 0,
            "condition": "succeeded()",
            "task": {
              "id": "2ff763a7-ce83-4e1f-bc89-0ae63477cebe",
              "versionSpec": "1.*",
              "definitionType": "task"
            },
            "inputs": {
              "PathtoPublish": "$(Build.ArtifactStagingDirectory)",
              "ArtifactName": "drop",
              "ArtifactType": "Container",
              "TargetPath": "",
              "Parallel": "false",
              "ParallelCount": "8",
              "FileCopyOptions": ""
            }
          }
        ],
        "name": "Agent job 1",
        "refName": "Job_1",
        "condition": "succeeded()",
        "target": {
          "executionOptions": {
            "type": 0
          },
          "allowScriptsAuthAccessOption": false,
          "type": 1,
          "queue": "{}"
        },
        "jobAuthorizationScope": "projectCollection"
      }
    ],
    "target": {
      "agentSpecification": {
        "identifier": "ubuntu-16.04"
      }
    },
    "type": 1
  },
  "repository": {
    "properties": {
      "cleanOptions": "0",
      "labelSources": "0",
      "labelSourcesFormat": "$(build.buildNumber)",
      "reportBuildStatus": "true",
      "gitLfsSupport": "false",
      "skipSyncSource": "false",
      "checkoutNestedSubmodules": "false",
      "fetchDepth": "0",
      "connectedServiceId": ""
    },
    "id": "$containersecuritydemo$",
    "type": "TfsGit",
    "name": "containersecuritydemo",
    "url": "",
    "defaultBranch": "refs/heads/master",
    "clean": "false",
    "checkoutSubmodules": false
  },
  "processParameters": {},
  "quality": "definition",
  "authoredBy": "{}",
  "drafts": [],
  "queue": {
    "_links": "{}",
    "id": "",
    "name": "Azure Pipelines",
    "url": "",
    "pool": {
      "id": "",
      "name": "Azure Pipelines",
      "isHosted": true
    }
  },
  "id": "",
  "name": "containersecuritydemodocker container-CI",
  "url": "",
  "uri": "",
  "path": "\\",
  "type": "build",
  "queueStatus": "enabled",
  "revision": 26,
  "createdDate": "",
  "project": "{}"
}