{
  "source": "userInterface",
  "revision": 66,
  "description": null,
  "createdBy": "{}",
  "createdOn": "",
  "modifiedBy": "{}",
  "modifiedOn": "",
  "isDeleted": false,
  "lastRelease": {
    "id": 115,
    "name": "Release-88",
    "artifacts": [],
    "_links": {},
    "description": "Triggered by containersecuritydemodocker container-CI 20200302.20.",
    "releaseDefinition": {
      "id": 2,
      "projectReference": null,
      "_links": {}
    },
    "createdOn": "2020-03-02T10:10:06.243Z",
    "createdBy": {
      "displayName": "mkhanal",
      "url": "https://spsprodsin1.vssps.visualstudio.com/A0459c21a-6ef3-4e82-98ee-f6f292b7a9e3/_apis/Identities/a520b6c1-1ece-6be2-87d5-4d344289d052",
      "_links": {
        "avatar": {
          "href": "https://dev.azure.com/qualysdevops/_apis/GraphProfile/MemberAvatars/aad.YTUyMGI2YzEtMWVjZS03YmUyLTg3ZDUtNGQzNDQyODlkMDUy"
        }
      },
      "id": "a520b6c1-1ece-6be2-87d5-4d344289d052",
      "uniqueName": "mkhanal@azure.qualys.com",
      "imageUrl": "https://dev.azure.com/qualysdevops/_apis/GraphProfile/MemberAvatars/aad.YTUyMGI2YzEtMWVjZS03YmUyLTg3ZDUtNGQzNDQyODlkMDUy",
      "descriptor": "aad.YTUyMGI2YzEtMWVjZS03YmUyLTg3ZDUtNGQzNDQyODlkMDUy"
    }
  },
  "variables": {
    "system.debug": {
      "value": "true"
    }
  },
  "variableGroups": [
    "$Qualys Credentials$"
  ],
  "environments": [
    {
      "id": 2,
      "name": "Stage 1",
      "rank": 1,
      "owner": {
        "displayName": "$OwnerDisplayName$",
        "url": "",
        "_links": "{}",
        "id": "$OwnerId$",
        "uniqueName": "$OwnerUniqueName$",
        "imageUrl": "",
        "descriptor": ""
      },
      "variables": {},
      "variableGroups": [],
      "preDeployApprovals": {
        "approvals": [
          {
            "rank": 1,
            "isAutomated": true,
            "isNotificationOn": false,
            "id": 4
          }
        ],
        "approvalOptions": {
          "requiredApproverCount": null,
          "releaseCreatorCanBeApprover": false,
          "autoTriggeredAndPreviousEnvironmentApprovedCanBeSkipped": false,
          "enforceIdentityRevalidation": false,
          "timeoutInMinutes": 0,
          "executionOrder": "beforeGates"
        }
      },
      "deployStep": {
        "id": 5
      },
      "postDeployApprovals": {
        "approvals": [
          {
            "rank": 1,
            "isAutomated": true,
            "isNotificationOn": false,
            "id": 6
          }
        ],
        "approvalOptions": {
          "requiredApproverCount": null,
          "releaseCreatorCanBeApprover": false,
          "autoTriggeredAndPreviousEnvironmentApprovedCanBeSkipped": false,
          "enforceIdentityRevalidation": false,
          "timeoutInMinutes": 0,
          "executionOrder": "afterSuccessfulGates"
        }
      },
      "deployPhases": [
        {
          "deploymentInput": {
            "parallelExecution": {
              "parallelExecutionType": "none"
            },
            "agentSpecification": {
              "identifier": "ubuntu-16.04"
            },
            "skipArtifactsDownload": false,
            "artifactsDownloadInput": {
              "downloadInputs": []
            },
            "queueId": "$Azure Pipelines$",
            "demands": [],
            "enableAccessToken": false,
            "timeoutInMinutes": 0,
            "jobCancelTimeoutInMinutes": 1,
            "condition": "succeeded()",
            "overrideInputs": {}
          },
          "rank": 1,
          "phaseType": "agentBasedDeployment",
          "name": "Run on agent",
          "refName": null,
          "workflowTasks": [
            {
              "environment": {},
              "taskId": "497d490f-eea7-4f2b-ab94-48d9c1acdcb1",
              "version": "4.*",
              "name": "Deploy Azure App Service to Slot",
              "refName": "WEBAPPURL",
              "enabled": true,
              "alwaysRun": false,
              "continueOnError": false,
              "timeoutInMinutes": 0,
              "definitionType": null,
              "overrideInputs": {},
              "condition": "succeeded()",
              "inputs": {
                "ConnectionType": "AzureRM",
                "ConnectedServiceName": "",
                "PublishProfilePath": "$(System.DefaultWorkingDirectory)/**/*.pubxml",
                "PublishProfilePassword": "",
                "WebAppKind": "$(Parameters.WebAppKind)",
                "WebAppName": "$(Parameters.WebAppName)",
                "DeployToSlotOrASEFlag": "$(Parameters.DeployToSlotOrASEFlag)",
                "ResourceGroupName": "$(Parameters.ResourceGroupName)",
                "SlotName": "$(Parameters.SlotName)",
                "DockerNamespace": "$(Parameters.DockerNamespace)",
                "DockerRepository": "$(Parameters.DockerRepository)",
                "DockerImageTag": "$(Build.BuildId)",
                "VirtualApplication": "",
                "Package": "$(System.DefaultWorkingDirectory)/**/*.zip",
                "RuntimeStack": "",
                "RuntimeStackFunction": "",
                "StartupCommand": "$(Parameters.StartupCommand)",
                "ScriptType": "",
                "InlineScript": "",
                "ScriptPath": "",
                "WebConfigParameters": "",
                "AppSettings": "",
                "ConfigurationSettings": "",
                "UseWebDeploy": "false",
                "DeploymentType": "webDeploy",
                "TakeAppOfflineFlag": "true",
                "SetParametersFile": "",
                "RemoveAdditionalFilesFlag": "false",
                "ExcludeFilesFromAppDataFlag": "false",
                "AdditionalArguments": "",
                "RenameFilesFlag": "true",
                "XmlTransformation": "false",
                "XmlVariableSubstitution": "false",
                "JSONFiles": ""
              }
            },
            {
              "environment": {},
              "taskId": "d9bafed4-0b18-4f58-968d-86655b4d2ce9",
              "version": "2.*",
              "name": "Command Line Script",
              "refName": "",
              "enabled": true,
              "alwaysRun": false,
              "continueOnError": false,
              "timeoutInMinutes": 0,
              "definitionType": "task",
              "overrideInputs": {},
              "condition": "succeeded()",
              "inputs": {
                "script": "pip install requests\npip install --upgrade pip",
                "workingDirectory": "",
                "failOnStderr": "false"
              }
            },
            {
              "environment": {},
              "taskId": "6392f95f-7e76-4a18-b3c7-7f078d2f7700",
              "version": "0.*",
              "name": "Run a Python script",
              "refName": "",
              "enabled": true,
              "alwaysRun": false,
              "continueOnError": false,
              "timeoutInMinutes": 0,
              "definitionType": "task",
              "overrideInputs": {},
              "condition": "succeeded()",
              "inputs": {
                "scriptSource": "filePath",
                "scriptPath": "$(System.DefaultWorkingDirectory)/_containersecuritydemodocker container-CI/drop/wasscan.py",
                "arguments": "",
                "pythonInterpreter": "",
                "workingDirectory": "",
                "failOnStderr": "false"
              }
            },
            {
              "environment": {},
              "taskId": "f045e430-8704-11e6-968f-e717e6411619",
              "version": "0.*",
              "name": "Manage Azure App Service - Slot Swap",
              "refName": "",
              "enabled": false,
              "alwaysRun": false,
              "continueOnError": false,
              "timeoutInMinutes": 0,
              "definitionType": null,
              "overrideInputs": {},
              "condition": "succeeded()",
              "inputs": {
                "ConnectedServiceName": "",
                "Action": "Swap Slots",
                "WebAppName": "$(Parameters.WebAppName)",
                "SpecifySlot": "false",
                "ResourceGroupName": "$(Parameters.ResourceGroupName)",
                "SourceSlot": "$(Parameters.SlotName)",
                "SwapWithProduction": "True",
                "TargetSlot": "",
                "PreserveVnet": "false",
                "Slot": "production",
                "ExtensionsList": "",
                "OutputVariable": "",
                "AppInsightsResourceGroupName": "",
                "ApplicationInsightsResourceName": "",
                "ApplicationInsightsWebTestName": ""
              }
            }
          ]
        }
      ],
      "environmentOptions": {
        "emailNotificationType": "OnlyOnFailure",
        "emailRecipients": "release.environment.owner;release.creator",
        "skipArtifactsDownload": false,
        "timeoutInMinutes": 0,
        "enableAccessToken": false,
        "publishDeploymentStatus": true,
        "badgeEnabled": false,
        "autoLinkWorkItems": false,
        "pullRequestDeploymentEnabled": false
      },
      "demands": [],
      "conditions": [
        {
          "name": "ReleaseStarted",
          "conditionType": "event",
          "value": ""
        }
      ],
      "executionPolicy": {
        "concurrencyCount": 1,
        "queueDepthCount": 0
      },
      "schedules": [],
      "currentRelease": {
        "id": 115,
        "url": "https://vsrm.dev.azure.com/qualysdevops/29ca0fb9-ec04-479d-82ff-c90311852a0b/_apis/Release/releases/115",
        "_links": {}
      },
      "retentionPolicy": {
        "daysToKeep": 30,
        "releasesToKeep": 3,
        "retainBuild": true
      },
      "processParameters": {
        "inputs": [
          {
            "aliases": [],
            "options": {},
            "properties": {},
            "name": "ConnectedServiceName",
            "label": "Azure subscription",
            "defaultValue": "cd4a2d14-0b96-47ea-ad6a-b23124426966",
            "required": true,
            "type": "connectedService:AzureRM",
            "helpMarkDown": "Select the Azure Resource Manager subscription for the deployment.",
            "visibleRule": "",
            "groupName": ""
          },
          {
            "aliases": [],
            "options": {
              "webApp": "Web App on Windows",
              "webAppLinux": "Web App on Linux",
              "webAppContainer": "Web App for Containers (Linux)",
              "functionApp": "Function App on Windows",
              "functionAppLinux": "Function App on Linux",
              "functionAppContainer": "Function App for Containers (Linux)",
              "apiApp": "API App",
              "mobileApp": "Mobile App"
            },
            "properties": {
              "EditableOptions": "false"
            },
            "name": "WebAppKind",
            "label": "App type",
            "defaultValue": "webAppContainer",
            "type": "pickList",
            "helpMarkDown": "",
            "groupName": ""
          },
          {
            "aliases": [],
            "options": {},
            "properties": {
              "EditableOptions": "True"
            },
            "name": "WebAppName",
            "label": "App service name",
            "defaultValue": "shellqualys",
            "required": true,
            "type": "pickList",
            "helpMarkDown": "Enter or select the name of an existing Azure App Service.",
            "visibleRule": "",
            "groupName": ""
          },
          {
            "aliases": [],
            "options": {},
            "properties": {},
            "name": "DockerNamespace",
            "label": "Registry or Namespace",
            "defaultValue": "azurequalysregitry.azurecr.io",
            "required": true,
            "type": "string",
            "helpMarkDown": "A globally unique top-level domain name for your specific registry or namespace.<br/> Note: Fully qualified image name will be of the format: '<b>`<registry or namespace`></b>/`<repository`>:`<tag`>'. For example, '<b>myregistry.azurecr.io</b>/nginx:latest'.",
            "visibleRule": "WebAppKind = webAppContainer || WebAppkind = functionAppContainer",
            "groupName": ""
          },
          {
            "aliases": [],
            "options": {},
            "properties": {},
            "name": "DockerRepository",
            "label": "Repository",
            "defaultValue": "containersecuritydemo",
            "required": true,
            "type": "string",
            "helpMarkDown": "Name of the repository where the container images are stored.<br/> Note: Fully qualified image name will be of the format: '`<registry or namespace`>/<b>`<repository`></b>:`<tag`>'. For example, 'myregistry.azurecr.io/<b>nginx</b>:latest'.",
            "visibleRule": "WebAppKind = webAppContainer || WebAppkind = functionAppContainer",
            "groupName": ""
          },
          {
            "aliases": [],
            "options": {},
            "properties": {},
            "name": "StartupCommand",
            "label": "Startup command",
            "defaultValue": "",
            "type": "string",
            "helpMarkDown": "Enter the start up command. For ex.<br/>dotnet run<br/>dotnet filename.dll",
            "visibleRule": "WebAppKind = webAppLinux || WebAppKind = webAppContainer || WebAppkind = functionAppContainer || WebAppKind = functionAppLinux",
            "groupName": ""
          },
          {
            "aliases": [],
            "options": {},
            "properties": {},
            "name": "DeployToSlotOrASEFlag",
            "label": "Deploy to Slot or App Service Environment",
            "defaultValue": "true",
            "type": "boolean",
            "helpMarkDown": "Select the option to deploy to an existing deployment slot or Azure App Service Environment.<br />For both the targets, the task needs Resource group name.<br />In case the deployment target is a slot, by default the deployment is done to the production slot. Any other existing slot name can also be provided.<br />In case the deployment target is an Azure App Service environment, leave the slot name as ‘production’ and just specify the Resource group name.",
            "visibleRule": "WebAppKind != \"\"",
            "groupName": ""
          },
          {
            "aliases": [],
            "options": {},
            "properties": {
              "EditableOptions": "True"
            },
            "name": "ResourceGroupName",
            "label": "Resource group",
            "defaultValue": "DefaultResourceGroup-EUS",
            "required": true,
            "type": "pickList",
            "helpMarkDown": "Enter or Select the Azure Resource group that contains the Azure App Service specified above.",
            "visibleRule": "DeployToSlotOrASEFlag = true",
            "groupName": ""
          },
          {
            "aliases": [],
            "options": {},
            "properties": {
              "EditableOptions": "True"
            },
            "name": "SlotName",
            "label": "Slot",
            "defaultValue": "QA",
            "required": true,
            "type": "pickList",
            "helpMarkDown": "Enter or Select an existing Slot other than the Production slot.",
            "visibleRule": "DeployToSlotOrASEFlag = true",
            "groupName": ""
          }
        ],
        "dataSourceBindings": [
          {
            "dataSourceName": "AzureRMWebAppNamesByAppType",
            "parameters": {
              "WebAppKind": "$(WebAppKind)"
            },
            "endpointId": "$(ConnectedServiceName)",
            "target": "WebAppName"
          },
          {
            "dataSourceName": "AzureRMWebAppResourceGroup",
            "parameters": {
              "WebAppName": "$(WebAppName)"
            },
            "endpointId": "$(ConnectedServiceName)",
            "target": "ResourceGroupName"
          },
          {
            "dataSourceName": "AzureRMWebAppSlotsId",
            "parameters": {
              "WebAppName": "$(WebAppName)",
              "ResourceGroupName": "$(ResourceGroupName)"
            },
            "endpointId": "$(ConnectedServiceName)",
            "target": "SlotName",
            "resultTemplate": "{\"Value\":\"{{{ #extractResource slots}}}\",\"DisplayValue\":\"{{{ #extractResource slots}}}\"}"
          }
        ]
      },
      "properties": {
        "BoardsEnvironmentType": {
          "$type": "System.String",
          "$value": "unmapped"
        },
        "LinkBoardsWorkItems": {
          "$type": "System.String",
          "$value": "False"
        }
      },
      "preDeploymentGates": {
        "id": 0,
        "gatesOptions": null,
        "gates": []
      },
      "postDeploymentGates": {
        "id": 0,
        "gatesOptions": null,
        "gates": []
      },
      "environmentTriggers": [],
      "badgeUrl": ""
    }
  ],
  "artifacts": [
    {
      "sourceId": "$ProjectId$:$containersecuritydemodocker container-CI-id$",
      "type": "Build",
      "alias": "_containersecuritydemodocker container-CI",
      "definitionReference": {
        "artifactSourceDefinitionUrl": "{}",
        "defaultVersionBranch": {
          "id": "",
          "name": ""
        },
        "defaultVersionSpecific": {
          "id": "",
          "name": ""
        },
        "defaultVersionTags": {
          "id": "",
          "name": ""
        },
        "defaultVersionType": {
          "id": "latestType",
          "name": "Latest"
        },
        "definition": {
          "id": "$containersecuritydemodocker container-CI-id$",
          "name": "containersecuritydemodocker container-CI"
        },
        "definitions": {
          "id": "",
          "name": ""
        },
        "IsMultiDefinitionType": {
          "id": "False",
          "name": "False"
        },
        "project": {
          "id": "$ProjectId$",
          "name": "$ProjectName$"
        },
        "repository": {
          "id": "",
          "name": ""
        }
      },
      "isPrimary": true,
      "isRetained": false
    }
  ],
  "triggers": [
    {
      "artifactAlias": "_containersecuritydemodocker container-CI",
      "triggerConditions": [],
      "triggerType": "artifactSource"
    }
  ],
  "releaseNameFormat": "Release-$(rev:r)",
  "tags": [],
  "properties": {
    "DefinitionCreationSource": {
      "$type": "System.String",
      "$value": "ReleaseNew"
    },
    "IntegrateBoardsWorkItems": {
      "$type": "System.String",
      "$value": "False"
    },
    "IntegrateJiraWorkItems": {
      "$type": "System.String",
      "$value": "false"
    }
  },
  "id": "",
  "name": "Release Pipeline",
  "path": "\\",
  "projectReference": null,
  "url": "",
  "_links": "{}"
}