{
  "count": 1,
  "value": [
    {
      "variables": {
        "QUALYS_API_SERVER": {
          "value": "https://qualysapi.qg2.apps.qualys.com"
        },
        "QUALYS_PASSWORD": {
          "value": "********"
        },
        "QUALYS_USERNAME": {
          "value": "********"
        },
        "QUALYS_WAS_PROFILEID": {
          "value": "********"
        },
        "SENSOR_ACTIVATION_ID": {
          "value": null,
          "isSecret": true
        },
        "SENSOR_CUSTOMER_ID": {
          "value": null,
          "isSecret": true
        },
        "WEBAPP_PASSWORD": {
          "value": "********"
        },
        "WEBAPP_USERNAME": {
          "value": "QualysCS"
        },
        "SENSOR_LOCATION": {
          "value": "https://<<storage-account>>.blob.core.windows.net/<<container-name>>/QualysContainerSensor.tar"
        }
      },
      "id": "1",
      "type": "Vsts",
      "name": "Qualys Credentials",
      "isShared": false
    }
  ]
}